<?xml version="1.0" encoding="utf-8"?><CentroDeVacunacion xmlns:xsi="http://www.w3.org/2001/XMLSchema-instance" xmlns:xsd="http://www.w3.org/2001/XMLSchema"><Pacientes><Paciente><Apellido>Barros Schelotto</Apellido><Nombre>Guillermo</Nombre><Turno>7</Turno></Paciente><Paciente><Apellido>Cagna</Apellido><Nombre>Diego</Nombre><Turno>8</Turno></Paciente><Paciente><Apellido>Palermo</Apellido><Nombre>Martín</Nombre><Turno>9</Turno></Paciente><Paciente><Apellido>Riquelme</Apellido><Nombre>JR</Nombre><Turno>10</Turno></Paciente></Pacientes></CentroDeVacunacion>